{
  "max_drift_ms": 58.22091342299029,
  "mean_drift_ms": 12.503476044804923,
  "p50_drift_ms": 12.23079252840956,
  "p95_drift_ms": 20.853937701273466,
  "packet_count": 3600
}