{
  "p50_ms": 25.753992945986063,
  "p95_ms": 41.46437162200741,
  "threshold_ms": 50,
  "status": "PASS"
}