{
  "p50_ms": 18.134911662660116,
  "p95_ms": 38.863587249191525,
  "threshold_ms": 50,
  "status": "PASS"
}